<!--
  ~ Copyright (c) 2020, WSO2 Inc. (http://www.wso2.org) All Rights Reserved.
  ~
  ~ WSO2 Inc. licenses this file to you under the Apache License,
  ~ Version 2.0 (the "License"); you may not use this file except
  ~ in compliance with the License.
  ~ You may obtain a copy of the License at
  ~
  ~ http://www.apache.org/licenses/LICENSE-2.0
  ~
  ~ Unless required by applicable law or agreed to in writing,
  ~ software distributed under the License is distributed on an
  ~ "AS IS" BASIS, WITHOUT WARRANTIES OR CONDITIONS OF ANY
  ~ KIND, either express or implied.  See the License for the
  ~ specific language governing permissions and limitations
  ~ under the License.
  -->
<template xmlns="http://ws.apache.org/ns/synapse" name="jsonToCsv">
    <parameter name="customHeader" description="Comma separated string of header for Csv payload"/>
    <parameter name="suppressEscaping" description="Whether to suppress Escape Characters in the output Csv payload"/>
    <parameter name="customValueSeparator" description="Specify a value separator for CSV output. Default is comma ( , )"/>
    <sequence>
        <property name="customHeader" expression="$func:customHeader"/>
        <property name="customValueSeparator" expression="$func:customValueSeparator"/>
        <property name="suppressEscaping" expression="$func:suppressEscaping"/>
        <class name="org.wso2.carbon.module.csv.JsonToCsvTransformer"/>
    </sequence>
</template>
